tweet_id,label,prediction
575742743730745344,0,0
575417042150387712,0,0
603682460191203328,0,0
570994652993556481,0,0
576554873468035072,0,0
575710263879430144,0,0
603695258870947840,0,0
598042005013340160,0,0
575646184758337537,0,0
596731670281097218,0,0
571541585407565824,0,0
575860144355041280,0,0
576189889550684160,0,0
572261148323676160,0,0
570738449122136065,0,0
571103188029276162,0,0
603686720819875843,0,0
596737027602653184,0,0
571168385578479617,0,0
576588305338339328,0,0
570962620934696961,0,0
564570357303365633,0,0
576066263916609536,0,0
603636868434010112,0,0
576421195198779392,0,0
572328650097364992,0,0
570735830647640064,0,0
576424999096971265,0,0
571506370186498048,0,0
572118177162924032,0,0
575653420054503424,0,0
572220523800887299,0,0
595812453407137793,0,0
603688016889057280,0,0
575839895664594944,0,0
596706984860061696,0,0
571686330696003585,0,0
571281894077272065,0,0
572335873158619136,0,0
572095670632484864,0,0
571367458147184641,0,0
603663624792645632,0,0
574966196602204160,0,0
571529439122747392,0,0
575931185869819904,0,0
576285460135329792,0,0
563310092183810050,0,0
572336456590495744,0,0
576406376848691201,0,0
575844901083987968,0,0
571469361791307776,0,0
575779556285681664,0,0
571282249917861888,0,0
569174541521563648,0,0
571404378692837377,0,0
572337408982708224,0,0
603687727222169601,0,0
603652914960330752,0,0
572117552492642305,0,0
576163562651037696,0,0
575754069316403200,0,0
575843009109098498,0,0
571926780732416000,0,0
595383236110454784,0,0
603657871226732544,0,0
566314345530150912,0,0
571913858538868736,0,0
596730741490253824,0,0
571025771491401728,0,0
570965721422827520,0,0
571044510546993153,0,0
570757526846881792,0,0
576564751372828672,0,0
571012977152958464,0,0
572328240993464320,0,0
575417893304688641,0,0
575605236464795649,0,0
598777555265540096,0,0
571199002944737280,0,0
597948073914990592,0,0
571090307590131714,0,0
570728725882540034,0,0
575650760307929089,0,0
571739526579785729,0,0
575666746817953792,0,0
575859617357430784,0,0
575737415043784704,0,0
563306145444425728,0,0
575669440429309952,0,0
576010156183552001,0,0
575884494403567616,0,0
575531990402924544,0,0
603694750097612801,0,0
570775709343461377,0,0
563034338183639040,0,0
598049536292950017,0,0
571545796950147074,0,0
568859382751952898,0,0
576532699046883328,0,0
576092394921332736,0,0
572094235387822083,0,0
575835885410914304,0,0
571085052366462976,0,0
595306283906912256,0,0
576532392392798208,0,0
603598912725917696,0,0
571684756385087488,0,0
565754223963684867,0,0
576267870914494464,0,0
576438945619136512,0,0
575820927650430976,0,0
575579627650969600,0,0
603685679294480385,0,0
575625917428547584,0,0
571789775964921856,0,0
575376249763205120,0,0
571715507994296320,0,0
566766233526468609,0,0
576082415464132608,0,0
576127900874895360,0,0
571301628973707264,0,0
576425118592827392,0,0
576416800801443840,0,0
571363052140040192,0,0
571885613965836288,0,0
572094192983408641,0,0
575755166428889090,0,0
575528792724226049,0,0
572967857480339458,0,0
572335301969854464,0,0
576395613878751232,0,0
575419756943163393,0,0
603630820335616000,0,0
570973050528620544,0,0
575419652492390400,0,0
603645227350368256,0,0
594422166940188672,0,0
576403466245042176,0,0
570822061666349056,0,0
575633412905697280,0,0
575477781561126912,0,0
572340227479486464,0,0
575416897170075648,0,0
603597669517434880,0,0
572341768617795584,0,0
575501008111013888,0,0
603586321563709441,0,0
575417777856454656,0,0
575449080412774400,0,0
575473636594745345,0,0
571302112270946304,0,0
571442659459502080,0,0
576267366016761856,0,0
603522087647580160,0,0
571097346366431233,0,0
603524196409483264,0,0
571163683017007104,0,0
575756600503308289,0,0
569633536283582464,0,0
576495101037314048,0,0
572150229799198720,0,0
575707388755374080,0,0
563202102206279680,0,0
563426726693183488,0,0
575653479043219458,0,0
603652953237487616,0,0
576447824449167360,0,0
570994227129094145,0,0
572249883748519936,0,0
576704373469790208,0,0
566644670659178496,0,0
595332694722023425,0,0
603487206280404992,0,0
576265087326945280,0,0
571997656853168128,0,0
575848525000478720,0,0
576516317882290176,0,0
576452297279967232,0,0
576419012030119936,0,0
576508201346170880,0,0
575904146215288832,0,0
572009440846602240,0,0
569110445321162752,0,0
595306908459749377,0,0
576013109086822400,0,0
576416591417643008,0,0
571412360620953600,0,0
571350489649950720,0,0
575648872359317504,0,0
575411915171590144,0,0
571884292718002177,0,0
571065178927857664,0,0
576163914829955072,0,0
575888064330891265,0,0
595097474403962881,0,0
564616397439766528,0,0
575830251659390976,0,0
575497277533454337,0,0
575642433100255232,0,0
572297922597003264,0,0
603689275591364608,0,0
574780651318218753,0,0
563487360361324544,0,0
576163119296339969,0,0
603657481521364992,0,0
595811581511999488,0,0
564916216150491136,0,0
564887858612146179,0,0
575686615504449536,0,0
571238190868140032,0,0
576205090115231745,0,0
562709720554029057,0,0
571008668730155008,0,0
603687540843905024,0,0
575421578709704706,0,0
575980683509809152,0,0
571493314182049792,0,0
571000360887693313,0,0
576055660913115136,0,0
575474978558119937,0,0
563462201336676353,0,0
603688247202484224,0,0
576209253641236480,0,0
571598515941478400,0,0
575810859894718464,0,0
575463742852325376,0,0
572081261067554816,0,0
576265057635454977,0,0
603612579559186433,0,0
575525090722463744,0,0
570790765720412160,0,0
576358896907866112,0,0
576416922264317952,0,0
576266501885337600,0,0
576245512141160448,0,0
575770185338122240,0,0
571089566377115649,0,0
603665189368569856,0,0
576162110541025280,0,0
575605524361842690,0,0
571083676177444864,0,0
572239262680141824,0,0
575609456723107840,0,0
570035637815873536,0,0
576662493293981696,0,0
598496985755168768,0,0
571722868188307456,0,0
603658444869115904,0,0
571076987533422592,0,0
598312301637173249,0,0
575732269291335681,0,0
576353974900637696,0,0
571730709934571520,0,0
575694779297595392,0,0
575371330331152384,0,0
571032740323328000,0,0
576059397719203840,0,0
576265037427298304,0,0
571760732112478208,0,0
572326130708946944,0,0
576216403310718976,0,0
571255571845750785,0,0
603686773164609536,0,0
576403615130214401,0,0
601546061228838913,0,0
594290030924828672,0,0
575631836698779649,0,0
575767865783095296,0,0
575736404199665664,0,0
571828900080295936,0,0
603672980372135936,0,0
571836750542188545,0,0
576417416860815360,0,0
571456556010594304,0,0
570996499791785985,0,0
576756935246147585,0,0
575386081354366977,0,0
562765302308806656,0,0
576192605509177345,0,0
568176653962096641,0,0
603695235999244291,0,0
595367861826125824,0,0
575656452045606912,0,0
575866867543212033,0,0
575851180984680450,0,0
572236449707401216,0,0
576067527723339776,0,0
571003787923623936,0,0
576133382855352320,0,0
576271921802674176,0,0
603502473110773760,0,0
597597719197257728,0,0
570942605531328512,0,0
603650675176792064,0,0
576163277539008512,0,0
603675533960970240,0,0
575425156291694593,0,0
576420306731995138,0,0
570984729832517632,0,0
576063313475338240,0,0
603666656729112577,0,0
576050935232733184,0,0
575793330967080960,0,0
571378090066223104,0,0
572338472662351872,0,0
568838827650846722,0,0
572948043818913792,0,0
563085113123422209,0,0
572337120909500416,0,0
571458455476703232,0,0
597557012784779264,0,0
570731745752064000,0,0
575372391066562560,0,0
563306298788151300,0,0
575841396369682432,0,0
603495827835854848,0,0
570755007697432576,0,0
570823908733145088,0,0
576230489729662976,0,0
576199090440114176,0,0
594941955043434499,0,0
596728536171315202,0,0
603519085830254592,0,0
571280450972332032,0,0
575755598085685248,0,0
575684743972454400,0,0
571604838263480320,0,0
572236349996195840,0,0
576377365003132928,0,0
575605902478196736,0,0
571003224506929152,0,0
571478633732182016,0,0
572157143803019265,0,0
572263263389540352,0,0
571934082512207872,0,0
571281820647624704,0,0
595803439701065730,0,0
568441351143993345,0,0
570989815149146112,0,0
576609724357046272,0,0
576094128997412864,0,0
576108760025825280,0,0
597103051690782720,0,0
575476443896905729,0,0
576092189324759040,0,0
576543598088310784,0,0
570806952009338880,0,0
571458971506245633,0,0
573222848094842881,0,0
576400456970178560,0,0
571988494253367296,0,0
603661362162720770,0,0
571738237024251905,0,0
576215587442950144,0,0
571562750599544833,0,0
575608461578276864,0,0
569174560978792448,0,0
603690939979272192,0,0
603684663211753473,0,0
576410022407761920,0,0
575982374934196225,0,0
576100505136603137,0,0
575780149377024000,0,0
571249912962113536,0,0
576233431316574208,0,0
603188205077319681,0,0
576479473777958913,0,0
571355526589587456,0,0
576482259588493313,0,0
576417876111990784,0,0
572083038458421248,0,0
603694862899269633,0,0
570920117749587968,0,0
575604048931524608,0,0
571257578556157952,0,0
575678495591804928,0,0
575834200101748736,0,0
575745120735264768,0,0
571276432325738496,0,0
597510256780910592,0,0
575693025789243392,0,0
576041129759653888,0,0
575835449337470976,0,0
603695271537713152,0,0
576198792325832705,0,0
571434650951925760,0,0
572176915194249217,0,0
575847924711620608,0,0
575886232552652800,0,0
571271729592422400,0,0
568669828317200385,0,0
575789315751477248,0,0
576367080586498048,0,0
575852398263975936,0,0
575638095435022337,0,0
596596278705819648,0,0
571368288560615424,0,0
575682881973972995,0,0
571018655758217216,0,0
576202849161383936,0,0
575624965145387008,0,0
573776782706352128,0,0
576239350880419840,0,0
571380503963668480,0,0
575719131393228801,0,0
603677274903355392,0,0
572287498426032128,0,0
576443534095564800,0,0
575742118536310784,0,0
603615418356338690,0,0
571492493679726592,0,0
575768119148462080,0,0
575854281212850176,0,0
596582518918221824,0,0
571742529021878272,0,0
603684728051367936,0,0
575809319234637824,0,0
576099111117545472,0,0
603683324373139456,0,0
570769541984227328,0,0
576499815741308928,0,0
575693573749927936,0,0
572292399189393408,0,0
575615085344858112,0,0
575737078048227328,0,0
564907314860150786,0,0
576166287719591936,0,0
576120343707811840,0,0
575426137238728708,0,0
571719040563085312,0,0
576094948577189888,0,0
575373694882725888,0,0
603599950304288768,0,0
575627794832560129,0,0
576605528811560960,0,0
571281992349671425,0,0
570830561373257728,0,0
572225179604127745,0,0
575546270594560000,0,0
603579010866487296,0,0
576155882494554112,0,0
603649099531943937,0,0
576211333646958592,0,0
575838167787532288,0,0
571461111079288832,0,0
575473900743565312,0,0
603612805678247936,0,0
603690252679643136,0,0
571226602484342784,0,0
575781135306747904,0,0
571725751138983938,0,0
572178928468664322,0,0
576060272319721473,0,0
603648785718321155,0,0
575615152726343680,0,0
565756844573204480,0,0
572046427947442176,0,0
575743610513195008,0,0
576467566861897728,0,0
572497985642209281,0,0
572181592778674177,0,0
572344048385540096,0,0
571890912923533312,0,0
576120142557523968,0,0
576060927684005888,0,0
575810182313213952,0,0
603690983243415552,0,0
576602961146699776,0,0
571412168265977856,0,0
575651480981479424,0,0
575460644532588544,0,0
575692730950512640,0,0
571325978158374912,0,0
571392138421936129,0,0
571070535037091841,0,0
575883347827654657,0,0
571714433996570625,0,0
570992954803945472,0,0
566661426383945728,0,0
599662320743161857,0,0
575519226984820737,0,0
570762299704627200,0,0
571327221757050880,0,0
571315468092309505,0,0
595328462803509249,0,0
603690077923975170,0,0
575669054096080897,0,0
576050623482720256,0,0
576050404489838592,0,0
594306686774484992,0,0
575439933650898946,0,0
571726304812269568,0,0
576418383085875200,0,0
570980055960178688,0,0
575429362360578048,0,0
576063538239840256,0,0
570774709140393984,0,0
572344186197835776,0,0
571442718943133696,0,0
603642143127764992,0,0
570731011744632833,0,0
575746815322124288,0,0
571803134546165761,0,0
576404868300144640,0,0
576581137260154880,0,0
576462549945823232,0,0
575473330540539905,0,0
576372440210763777,0,0
570865797368655872,0,0
575835011506659329,0,0
603673068691677185,0,0
602697454983749633,0,0
575166549713158144,0,0
575447350258216960,0,0
571355947047776256,0,0
575480549332008962,0,0
572346080911736832,1,0
572348198062170112,1,0
572319306387599360,1,0
572347842456522752,1,0
572347584339046402,1,0
572347419209252865,1,0
572347385889759232,1,0
572321733841063936,1,0
572346263426875392,1,0
572346235719323648,1,0
572332552016437249,1,0
595166563516329985,1,0
572331686156873728,1,0
572345888258981888,1,0
571853767047421952,1,0
572345440600907777,1,0
572345326004129792,1,0
572320554654425088,1,0
572344691443687425,1,0
572345137335967744,1,0
568340978861355008,1,0
572345016275771392,1,0
572344614910349312,1,0
572344602469908480,1,0
572344515261931520,1,0
572344114332626944,1,0
572344083017936896,1,0
572344011043688448,1,0
572343828968943616,1,0
572343516271001601,1,0
572343508306010112,1,0
572342944256032768,1,0
572318519464865792,1,0
572342652907044864,1,0
573423922764365825,1,0
572337046909423617,1,0
572340250715930624,1,0
572335171862593536,1,0
568342285319933952,1,0
572341252550627328,1,0
572336293725642752,1,0
572341152348696576,1,0
572341118118936577,1,0
572340883489615872,1,0
572339059613298689,1,0
572330495830188032,1,0
572332558316269569,1,0
572332376795185152,1,0
572317842722299904,1,0
572339019238940672,1,0
572339081780326400,1,0
572339928408965120,1,0
572339924571013120,1,0
572338619282694144,1,0
572338459932663810,1,0
572339639240929281,1,0
572339607829794816,1,0
572339334956761088,1,0
572339304782962688,1,0
572339216178270208,1,0
572319608947912704,1,0
572339184288980992,1,0
572330821433966592,1,0
572331938779799552,1,0
572338808705847296,1,0
572338780671107072,1,0
572338645950062593,1,0
572338617772740608,1,0
572338299106291713,1,0
572338147700293632,1,0
572337900366385152,1,0
572337688734384128,1,0
572337676713512960,1,0
572337676482838528,1,0
319399851215433729,1,0
572315829531881473,1,0
572337535403180032,1,0
572337509159452672,1,0
572337337318817792,1,0
572337067436351489,1,0
572337021588414464,1,0
572336970979885056,1,0
572334859902844929,1,0
572336919733903360,1,0
572336427867885568,1,0
572336799340630016,1,0
572336719988588545,1,0
572336657384407040,1,0
572335493586685953,1,0
461076562830319616,1,0
572336451221757953,1,0
572336406053322753,1,0
572336260963938304,1,0
572336241871478786,1,0
618367060117098498,1,0
572348358968262658,1,0
572346123349729280,1,0
572341234267648000,1,0
572340845652807680,1,0
572340788891238402,1,0
572340437802860544,1,0
572336040091906048,1,0
572335805051613186,1,0
572335442869133312,1,0
572335274866294784,1,0
572335228624060416,1,0
572335222194229248,1,0
572335112303472641,1,0
572334967256031232,1,0
572334834556649472,1,0
572334824226099200,1,0
572334657972277249,1,0
572334549184602112,1,0
572334498064433152,1,0
572334487884865536,1,0
572334362538065921,1,0
572334297555722243,1,0
572334289842409472,1,0
572334123861200898,1,0
572334038163185664,1,0
572333942440767488,1,0
572333734348791808,1,0
572333585698566144,1,0
572333585471946752,1,0
572333571702042625,1,0
572333550906707969,1,0
572333542933307392,1,0
572333397579714560,1,0
572333349378736128,1,0
572332902421164032,1,0
572332789716148224,1,0
572332660497858560,1,0
572332535985774595,1,0
572332487608676352,1,0
572332350291329025,1,0
572332267328049153,1,0
572332235619086336,1,0
572332221006135296,1,0
572332172947804162,1,0
572332024930832385,1,0
572332015267131392,1,0
572331922874974208,1,0
572331917959274496,1,0
572331886988537857,1,0
572331778309955584,1,0
572331693685653505,1,0
572331667806818304,1,0
572331589037920256,1,0
572331576161251328,1,0
572331566107508736,1,0
572331551419052032,1,0
572331496209448960,1,0
572331454992003072,1,0
572331397420957697,1,0
572331393264455680,1,0
572331389611163648,1,0
572331377405767680,1,0
572331361589043200,1,0
572331177714950144,1,0
572331072840605697,1,0
572331059540410369,1,0
572330940434759680,1,0
572330938639654912,1,0
572330641238310912,1,0
572330630282780674,1,0
572330575475810304,1,0
572330546602242048,1,0
572330121731829760,1,0
572330046297264128,1,0
572329874351759361,1,0
572329859713671168,1,0
572329700736950272,1,0
572329652372430849,1,0
572329575486603264,1,0
572329566888325120,1,0
572329430023974913,1,0
572329345588412417,1,0
572329276776710147,1,0
572329260918046720,1,0
572329171134779392,1,0
572329124523479041,1,0
572329123604897792,1,0
572329120689864704,1,0
572329028129968128,1,0
572328982256857089,1,0
572328892419080193,1,0
572328751775682560,1,0
572328684243185665,1,0
572328670657835008,1,0
572328669428891648,1,0
572328580455133184,1,0
572328574323052544,1,0
572328540890247168,1,0
572328492865486849,1,0
572328454227685376,1,0
572328445947981825,1,0
572328381976453120,1,0
572328354847694849,1,0
572328354281480192,1,0
572328280218472448,1,0
572328194482696192,1,0
572328124165197825,1,0
572328116598652929,1,0
572327959517794304,1,0
572327942912548864,1,0
572327916861702145,1,0
572327692218941440,1,0
572327680542167040,1,0
572327665820049409,1,0
572327633830088704,1,0
572327612443336704,1,0
572327609398272000,1,0
572327524878827520,1,0
572327502200221697,1,0
572327366661292032,1,0
572327287535759361,1,0
572327204064923648,1,0
572327152365903872,1,0
572327127464345600,1,0
572327126487048192,1,0
572326958643605504,1,0
572326513443393536,1,0
572326496288653312,1,0
572365561792868352,1,0
572365327234813954,1,0
572365057113239552,1,0
572364747674292225,1,0
572364514735226882,1,0
572363419002646529,1,0
572362439259369473,1,0
572362211395436544,1,0
572362119473070081,1,0
572361884235526145,1,0
572361378897399808,1,0
572360341486612480,1,0
572358728155979776,1,0
572358309509902338,1,0
572357570247057408,1,0
572357532137607168,1,0
572357483047460865,1,0
572357127303401472,1,0
572356916262805504,1,0
572356396630425601,1,0
572356307748954112,1,0
572355295076208640,1,0
572355275027443712,1,0
572355209000722432,1,0
572354833199439872,1,0
572354560980754432,1,0
572352765432709120,1,0
572352727369457666,1,0
572352188510412800,1,0
572352165999583233,1,0
572352034466209792,1,0
572351483007516672,1,0
572350786459447297,1,0
572349765611962368,1,0
572349746490187776,1,0
572349743231193089,1,0
572349634388996096,1,0
572349397318569984,1,0
572349120003756033,1,0
572349038873325568,1,0
572347920185344000,1,0
575705043124502528,1,0
575669048911900672,1,0
575664274325950464,1,0
575653191020322816,1,0
575644999477370880,1,0
575643836631900160,1,0
575642526151020544,1,0
575641645175083008,1,0
575641574094340096,1,0
575636175274123264,1,0
575633558951231488,1,0
575631098727690242,1,0
575626133799968769,1,0
575626084294623233,1,0
575625445124632577,1,0
575623299276742656,1,0
575621318420254720,1,0
575617576690061312,1,0
575617555114516480,1,0
575616739360260096,1,0
575616650352795649,1,0
575616348987985920,1,0
575613637802381312,1,0
575612422117048320,1,0
575612056453300226,1,0
575609775020363776,1,0
575609228498366464,1,0
575608621209272320,1,0
575608147164839936,1,0
575608078743134208,1,0
575606037916426241,1,0
575606034435153921,1,0
575605675117539329,1,0
575604670975991808,1,0
575604590432878592,1,0
575604155944804352,1,0
575603927262986240,1,0
575601966832734208,1,0
575601899497369600,1,0
575601676528177152,1,0
575600646453358592,1,0
575600266080165890,1,0
575599814672412672,1,0
575599746162647040,1,0
575599591497723906,1,0
575599489806827522,1,0
575598954097717248,1,0
575598837819047937,1,0
575598817954791425,1,0
575598817183076352,1,0
575598798174576640,1,0
575598796672884737,1,0
575598795234410497,1,0
575598781510483968,1,0
575598776611536897,1,0
575598756260773889,1,0
575597959649214466,1,0
575597837276282880,1,0
575597765226463233,1,0
575597554391457793,1,0
575597551434493952,1,0
575597410828873728,1,0
575597388372439040,1,0
575597381699268608,1,0
575597355476516864,1,0
575597293337862144,1,0
575597239998926848,1,0
575597238522626048,1,0
575597189642088448,1,0
575597159904509952,1,0
575597153868865536,1,0
575597128812101632,1,0
575597128552091648,1,0
575597125913866240,1,0
575597074374258688,1,0
575597049409724416,1,0
575597023971274753,1,0
575597023069478912,1,0
575597012176916480,1,0
575596994829418496,1,0
575596979788492801,1,0
575596954748506112,1,0
575596947534274560,1,0
575596945130938368,1,0
575596925791002624,1,0
575596920296468482,1,0
575596910506983424,1,0
575596903074656256,1,0
575596874180112384,1,0
575596851346284544,1,0
575596826306306049,1,0
575596808954499073,1,0
575596807222378496,1,0
575596799848792064,1,0
575596761323937792,1,0
575596751224078336,1,0
575596743284236289,1,0
575596723789168640,1,0
575596721885048832,1,0
575596645385007104,1,0
575596633049595905,1,0
575596624006791168,1,0
575596606713548800,1,0
575596599788752897,1,0
575596599516119041,1,0
575596580981485568,1,0
575596562966958082,1,0
575596561318588416,1,0
575596538862292992,1,0
575596510114533376,1,0
575596508797513728,1,0
575596503932104704,1,0
575596490111852544,1,0
575596482805420032,1,0
575596477247979521,1,0
575596451809525760,1,0
575596441982275584,1,0
575596436252852224,1,0
575596424101896192,1,0
575596419928625153,1,0
575596414291460097,1,0
575596411498201088,1,0
575596408155168768,1,0
575596399460397056,1,0
575596374076469248,1,0
575596371610226688,1,0
575596361418076161,1,0
575596341469970433,1,0
575596328387915776,1,0
575596328182382592,1,0
575596323921002496,1,0
575596309358362625,1,0
575596287602524160,1,0
575596272935002112,1,0
575596272884674561,1,0
575596271211151361,1,0
575596259911716865,1,0
575596249346408448,1,0
575596222599327744,1,0
575596217507311616,1,0
575596194736570370,1,0
575596155599368192,1,0
575596149916180480,1,0
575596094828105728,1,0
575596082371002368,1,0
575596078143164416,1,0
575596058408960002,1,0
575596056613793792,1,0
575596053363171328,1,0
575596025143894017,1,0
575596022459539456,1,0
575596017912934400,1,0
575595961252098048,1,0
575595922459004929,1,0
575595916905721856,1,0
575595909662179328,1,0
575595896215220224,1,0
575595885331017729,1,0
575595879060533248,1,0
575595861557702656,1,0
575595861415100416,1,0
575595850581196800,1,0
575595805228163075,1,0
575595803382792192,1,0
575595782532808706,1,0
575595732293419009,1,0
575595730280153088,1,0
575595713641349120,1,0
575595710772482048,1,0
575595704912998401,1,0
575595682163097600,1,0
575595681693462529,1,0
575595680246276097,1,0
575595676400222208,1,0
575595652064931840,1,0
575595652006068224,1,0
575595633735655424,1,0
575595632242503680,1,0
575595628668944384,1,0
575595620854988800,1,0
575595619206721536,1,0
575595607978455041,1,0
575595594346975232,1,0
575595587980038144,1,0
575595581659181056,1,0
575595577540378625,1,0
575595564764549120,1,0
575595564240269312,1,0
575595563694972928,1,0
575595558968016896,1,0
575595558502580224,1,0
575595547072974848,1,0
575595535026888704,1,0
575595530639839232,1,0
575595516035125248,1,0
575595507214520320,1,0
575595482963038208,1,0
575595481667010561,1,0
575595479876038656,1,0
576368207931392000,1,0
576366888327909377,1,0
576356475775270912,1,0
576351958983794688,1,0
576261852872634368,1,0
576005143616860161,1,0
576004674416857088,1,0
576003027942969344,1,0
575995622806855680,1,0
575993314039623681,1,0
575993053468438528,1,0
575990107422859264,1,0
575989216015863808,1,0
575986113048764417,1,0
575985643454636032,1,0
575984855470608385,1,0
575984186495889409,1,0
575980625435303936,1,0
575980335751569408,1,0
575977903105540096,1,0
575974463445020673,1,0
575974315008602112,1,0
575973320253804544,1,0
575973107489345536,1,0
575973012865863680,1,0
575972812743143425,1,0
575972771915792384,1,0
575972676516257793,1,0
575972653736955904,1,0
575972414636630016,1,0
575972394487037952,1,0
575971386381987840,1,0
575971319956705280,1,0
575971033561194496,1,0
575970519331155968,1,0
575968268374188032,1,0
575967618407903232,1,0
575967136511733760,1,0
575966839076966400,1,0
575966364726251520,1,0
575966302302408704,1,0
575965906980884480,1,0
575965746464849920,1,0
575965546753101827,1,0
575965313516212225,1,0
575965007764058112,1,0
575964849391288320,1,0
575963858713460736,1,0
575963279274602496,1,0
575963029130457089,1,0
575963028014768128,1,0
575962835924221952,1,0
575962369576148992,1,0
575961942352752640,1,0
575961744075411456,1,0
575961558376845312,1,0
575960968397594624,1,0
575960742807089152,1,0
575960246620794880,1,0
575960243617792000,1,0
575960204468039680,1,0
575959925051920384,1,0
575959816239124480,1,0
575959761960730624,1,0
575959448427986945,1,0
575959091786313729,1,0
575959059406286848,1,0
575958701011390464,1,0
575958684909580288,1,0
575958600310337536,1,0
575958589728116737,1,0
575958408374923264,1,0
575958224597164032,1,0
575958222709772288,1,0
575958141386412033,1,0
575958050952982528,1,0
575958007151906818,1,0
575957958749605888,1,0
575957941326467073,1,0
575957931885121537,1,0
575957920166211584,1,0
575957912469647360,1,0
575957909298782210,1,0
575957766617051136,1,0
575957673302073344,1,0
575957672769388544,1,0
575957660484374528,1,0
575957610052071424,1,0
575957545921052672,1,0
575957533572997121,1,0
575957444930609153,1,0
575957436651048961,1,0
575957434503602177,1,0
575957412747853824,1,0
575957361849815040,1,0
575957337573195776,1,0
575957278542581760,1,0
575957239112032256,1,0
575957226470432768,1,0
575957215195963392,1,0
575957161878093824,1,0
575957151572566016,1,0
575957125144403968,1,0
575956760210493440,1,0
575956033559928833,1,0
575954831312953345,1,0
575954813780762626,1,0
575954714040233984,1,0
575954602081783808,1,0
575954594829729793,1,0
575954545907355648,1,0
575954406274949120,1,0
575954385529761792,1,0
575954250930364416,1,0
575954211189325824,1,0
575954199164297216,1,0
575954150862639106,1,0
575954050732019712,1,0
575953987574362112,1,0
575953628399337473,1,0
575952374558130176,1,0
575952143456210944,1,0
575952072027185153,1,0
575952061868560384,1,0
575951741780283392,1,0
575951527057072128,1,0
575951408479899648,1,0
575950466376323072,1,0
575950346415017984,1,0
575950340828209153,1,0
575949567373373440,1,0
575949344882335744,1,0
575949313760567296,1,0
575949036504547328,1,0
575948108531527680,1,0
575947951207424000,1,0
575947892172574720,1,0
575947707807744002,1,0
575947475455885314,1,0
575947439229681664,1,0
575947218462507008,1,0
560159989642588161,1,0
560181343926353920,1,0
560191214344224768,1,0
560293687738265601,1,0
560299163200815104,1,0
560302766875480064,1,0
560313899099373568,1,0
560443767325753346,1,0
560481970338430977,1,0
560506268893585408,1,0
560509487115943937,1,0
560509571421442049,1,0
560556981506019328,1,0
560572503853371392,1,0
560583821817430016,1,0
560593786473312257,1,0
560651101058633728,1,0
560652455734939650,1,0
560802146992791553,1,0
560805153113391104,1,0
560806980018012160,1,0
560811113068376064,1,0
560828359559905280,1,0
560835603370348544,1,0
560841269208170496,1,0
560847759482556416,1,0
560856229917261825,1,0
560948966448443392,1,0
560951993947394048,1,0
561005248907866112,1,0
561005336384266240,1,0
561147028752064513,1,0
561532517896171520,1,0
561555438668644352,1,0
561580524347854848,1,0
561608108385243136,1,0
561695991301431298,1,0
561769269151936512,1,0
561907324118630401,1,0
561927697170182144,1,0
561931298525442048,1,0
562024083798646784,1,0
562305764459831298,1,0
562307702853238784,1,0
562312335151611904,1,0
562318403449683970,1,0
562326341622956032,1,0
562342158112653312,1,0
562342319937310720,1,0
562349627215986688,1,0
562349860943572992,1,0
562352842460393472,1,0
562369394157039616,1,0
562430137451683840,1,0
562430305492299777,1,0
562432586002485249,1,0
562434124313792512,1,0
562445059753525248,1,0
562467072073289729,1,0
562474692863614976,1,0
562648687483293696,1,0
562664611565285379,1,0
562668872911044608,1,0
562678175852167172,1,0
562767195466661888,1,0
562772798343753728,1,0
562773181023657985,1,0
562774055796113408,1,0
562780644569530368,1,0
562785878649872384,1,0
562809029882556416,1,0
562810349104402432,1,0
562818699988860929,1,0
562821560466407424,1,0
562826756416364544,1,0
562827090811445248,1,0
562831975674040322,1,0
562834394143281153,1,0
562834962341433344,1,0
562835643404144640,1,0
562839679423488000,1,0
562846471993966592,1,0
562853510426148865,1,0
562859463003365376,1,0
562860227318796288,1,0
562860793767944193,1,0
562881096275476480,1,0
562891291101757440,1,0
563022891638587392,1,0
563034427044134912,1,0
563050567757750272,1,0
563055037992431617,1,0
563062970847334401,1,0
563081180707573762,1,0
563122893794852866,1,0
563123953301200899,1,0
563155311436242944,1,0
563156778750574593,1,0
563159796845907968,1,0
563171704827301889,1,0
563302445464682496,1,0
563302778341425152,1,0
563304874038018048,1,0
563306241473413120,1,0
563306785302642688,1,0
563306925216268288,1,0
563307738403704833,1,0
563308221600137216,1,0
563308597476859905,1,0
563308869867556864,1,0
563312743722541056,1,0
563313083922513920,1,0
563313417508093952,1,0
563319570862469120,1,0
563320019141267456,1,0
563340056220696577,1,0
563344334012289025,1,0
563348777197903872,1,0
563363714401705986,1,0
563376343338188800,1,0
563376524372742146,1,0
563379142671233024,1,0
563427280232665089,1,0
563440959472812032,1,0
563442450900209665,1,0
563446724459782146,1,0
563447271078256640,1,0
563452724344549378,1,0
563453639042543616,1,0
563457086538153987,1,0
563504036981141505,1,0
563510149675892736,1,0
563544441940893696,1,0
563545362112479234,1,0
563547956230778880,1,0
563549116551421952,1,0
563552478084747264,1,0
563552896550465536,1,0
563554951742652416,1,0
563555440379068417,1,0
563558130626605056,1,0
563559567939100672,1,0
563564937994579968,1,0
563567039433162752,1,0
563567281348026368,1,0
563568235023720448,1,0
563569869212626945,1,0
563569952599592960,1,0
563570506394505217,1,0
563571279199236096,1,0
563571480928481280,1,0
563571795820027904,1,0
563572453168123905,1,0
563572552141131777,1,0
563575116161122304,1,0
563578907484381185,1,0
563578999885299712,1,0
563582863531335680,1,0
563587039032246272,1,0
563588373064208385,1,0
563590764777992193,1,0
563590998841126913,1,0
563591268815888384,1,0
563592695667757056,1,0
563594625353805824,1,0
563594992900657153,1,0
563595379275755520,1,0
563596192647749632,1,0
563597833455296513,1,0
563599545805049856,1,0
563599899716239362,1,0
563600989534834688,1,0
563601400115265536,1,0
563603586031304704,1,0
563603837031022592,1,0
563604337700896769,1,0
563605562211172352,1,0
563606398735749120,1,0
563607439283863552,1,0
563610208032006144,1,0
563610875572285440,1,0
563615156991963137,1,0
563718528810119168,1,0
563726728674439168,1,0
563732199254794240,1,0
563734375582277633,1,0
563738667273842688,1,0
563743444711907328,1,0
563752115739176960,1,0
563773630283145217,1,0
563780038361755648,1,0
563780884994617344,1,0
563781767388090368,1,0
563787800663691265,1,0
563795919666044928,1,0
563798975350726657,1,0
563812697490219008,1,0
563814263903371264,1,0
563816587522629633,1,0
563821097645113344,1,0
563827229822828544,1,0
563830259792228355,1,0
563831508507820032,1,0
563832401181556737,1,0
563832718891687936,1,0
563832860826927105,1,0
563835921628688384,1,0
563836022413594625,1,0
563836649856315392,1,0
563838207226572800,1,0
563838531265896448,1,0
563838911630569472,1,0
563854494338138112,1,0
563856852103225346,1,0
563857493747838976,1,0
563859660030373888,1,0
563860463889690624,1,0
563860678801645568,1,0
563860729699528704,1,0
563861299680247809,1,0
563864063642697729,1,0
563868055001124864,1,0
563871716066091008,1,0
563874374696968192,1,0
563878778410385408,1,0
563881133474349056,1,0
563900540925796352,1,0
563903732916969472,1,0
563904669416964096,1,0
563905276496334849,1,0
563905623348506624,1,0
563905844686102528,1,0
563907121633591297,1,0
563914461111529472,1,0
563914538097995776,1,0
564032691847180288,1,0
564032923825750016,1,0
564033218463031296,1,0
564035696608817152,1,0
564036035399528448,1,0
564037696318754817,1,0
564038185781436416,1,0
564038623465447426,1,0
564042311433486336,1,0
564046400955367424,1,0
564049587896594432,1,0
564049824274989058,1,0
564050039048507392,1,0
564050685764055040,1,0
564051390436491266,1,0
564051782822023169,1,0
564052037546303488,1,0
564052929297252352,1,0
564053455980199937,1,0
564053693444935680,1,0
564055573176803330,1,0
564056239584591872,1,0
564059548332613633,1,0
564067810348105728,1,0
564071104407691264,1,0
564077514147254273,1,0
564077831601528832,1,0
564081197685702656,1,0
564092406480793601,1,0
564095472118554624,1,0
564099641604861952,1,0
564101649216835584,1,0
564101907741147136,1,0
564115680539074560,1,0
564123297940393984,1,0
564123576488325120,1,0
564125632364150784,1,0
564125884404084736,1,0
564126550535073793,1,0
564130793702690816,1,0
564151740195299331,1,0
564152091094966273,1,0
564152650803867648,1,0
564156076849762304,1,0
564178493366231040,1,0
564182473198682113,1,0
564183620990947328,1,0
564184294805884928,1,0
564186104245395456,1,0
564201969057665025,1,0
564204278122692608,1,0
564218232811577345,1,0
564218476882309120,1,0
564219146100281344,1,0
564221516402159617,1,0
564225157934620672,1,0
564226078932467712,1,0
564227478546550787,1,0
564228341918887936,1,0
564231359842222082,1,0
564234488839155713,1,0
564234864980140032,1,0
564238050700853248,1,0
564252361204301824,1,0
564265649829339136,1,0
564271047428825089,1,0
564271182644793344,1,0
564304123844366336,1,0
564304967566368768,1,0
564310007034826753,1,0
564310213751103488,1,0
564313315132706816,1,0
564330527004852224,1,0
564447638716940289,1,0
564448879593414656,1,0
564463206731485184,1,0
564464214501097472,1,0
564469092870942720,1,0
564470367121453056,1,0
564471380008120320,1,0
564472764786946048,1,0
564473244049100801,1,0
564473358293561344,1,0
564474287415779328,1,0
564500827016937472,1,0
564563112477855744,1,0
564563699315519488,1,0
564568195965915138,1,0
564569836270145537,1,0
564572934539575298,1,0
564573415231991810,1,0
564576651867336704,1,0
564576877151793153,1,0
564577179955372033,1,0
564577480812797952,1,0
564579451670122496,1,0
564579655643332608,1,0
564581658205388801,1,0
564581800304209921,1,0
564582526866718721,1,0
564583592500948992,1,0
564583764073136129,1,0
564591242567507968,1,0
564596092101488640,1,0
564621618279112704,1,0
564623262232354817,1,0
564623566747226113,1,0
564639863526674433,1,0
564642621206065153,1,0
564138297333936130,1,0
564650389673623554,1,0
564655769329889281,1,0
564656982372925440,1,0
564664537132314624,1,0
564802009560543232,1,0
564802393402253313,1,0
564811133077692418,1,0
564815112566218752,1,0
564824605353725952,1,0
564876831309185025,1,0
564877365143404544,1,0
564908069126414338,1,0
564908152718888961,1,0
564911967291572225,1,0
564914515431919618,1,0
564973618070044672,1,0
564977273800257537,1,0
565008920004276225,1,0
565102960708177920,1,0
565103225213177856,1,0
565103397821370368,1,0
565103640096956417,1,0
565103820611387392,1,0
565111658172153856,1,0
565119799672709120,1,0
565125316335923200,1,0
565139679595335680,1,0
565141645818347520,1,0
565142403258920962,1,0
565142573811900417,1,0
565147016775598080,1,0
565149118151266304,1,0
565150073261408256,1,0
565154066628878336,1,0
565154473648349184,1,0
565155026931572737,1,0
565238525558140928,1,0
565243831281414144,1,0
565249024685391872,1,0
565251657986887680,1,0
565252393592299520,1,0
565262140404408322,1,0
565268326344310784,1,0
565276938823274497,1,0
565284591825862657,1,0
565285577256620032,1,0
565305466516168705,1,0
565318691966173186,1,0
565363767090085896,1,0
565367955673067523,1,0
565499818605559808,1,0
565502656488419328,1,0
565511543853711360,1,0
565513943251439618,1,0
565518968048611328,1,0
565522657635237888,1,0
565598976268070912,1,0
565601632017481728,1,0
565601757104201728,1,0
565609604743430145,1,0
565614972995391490,1,0
565641831174926340,1,0
565646010001915905,1,0
565646165715476482,1,0
565646715064438785,1,0
565665227472400385,1,0
565669260631228417,1,0
565717648018014210,1,0
565871271871664128,1,0
565889156493377536,1,0
565898228328325121,1,0
565900500273750019,1,0
565907156810354688,1,0
565907888468918273,1,0
565921643357548546,1,0
565922803669798912,1,0
565923059425894402,1,0
565933730246963201,1,0
565947979463663616,1,0
565948953167134720,1,0
565973411470802944,1,0
565974921789321216,1,0
565977826726514688,1,0
565979018965827584,1,0
565984048762605569,1,0
565984194304946176,1,0
565984658337574913,1,0
565985140930011137,1,0
565997342453952513,1,0
565999306868793344,1,0
566069774132969472,1,0
566219692822384641,1,0
566252388529762304,1,0
566254793048735744,1,0
566342261920002049,1,0
566382674353590272,1,0
566383161874350080,1,0
566390342711517184,1,0
566392972078772224,1,0
566393259375984641,1,0
566402150084141056,1,0
566419550561132544,1,0
566422876463828993,1,0
566431112130748416,1,0
566439295133974528,1,0
566440562602311680,1,0
566444054083534848,1,0
566463842520014848,1,0
566467934315220994,1,0
566476314807242752,1,0
566600109631500288,1,0
566607310639087616,1,0
566621553283301376,1,0
566639117765984256,1,0
566639374704844800,1,0
566653687032840192,1,0
566657542504599553,1,0
566661774083375106,1,0
566662339303571457,1,0
566681557092814849,1,0
566681961700540416,1,0
566683709118881792,1,0
566712051280912384,1,0
566717938162741249,1,0
566725356636602368,1,0
566729463711682560,1,0
566789328601235456,1,0
566800915798429697,1,0
566812527548698624,1,0
566814794993659906,1,0
566956262571528192,1,0
566957606191656960,1,0
566960682428428288,1,0
566973242397974529,1,0
566976411328847872,1,0
566977690876801024,1,0
566979937148891136,1,0
566980228317462528,1,0
566980429094608896,1,0
566981842260463616,1,0
566982304695066624,1,0
566982568978173953,1,0
566984662825041920,1,0
566984979595661312,1,0
566989876693045248,1,0
567020043997679616,1,0
567021239558885377,1,0
567023361419538432,1,0
567024301207867393,1,0
567027161979031552,1,0
567089770258776065,1,0
567102265157517314,1,0
567111646414667776,1,0
567111914690719744,1,0
567112094458589184,1,0
567116105484079104,1,0
567116396518449153,1,0
567119066784354304,1,0
567124070727417856,1,0
567138070592761856,1,0
567146536984141824,1,0
567147633442304002,1,0
567148844107182081,1,0
567150506154680322,1,0
567157783465037824,1,0
567167540078845954,1,0
567177422903463937,1,0
567178485442289664,1,0
567294785682432000,1,0
567295434155372546,1,0
567300331655401473,1,0
567322536942514176,1,0
567344465669394432,1,0
567348076449251330,1,0
563395573995556864,1,0
567352928105549824,1,0
567395682462756864,1,0
567406420887609344,1,0
567438925556232192,1,0
567439779776565249,1,0
567512874088550401,1,0
567515549454696449,1,0
567516151232483328,1,0
567683760377049088,1,0
567760734277607425,1,0
567808215275274240,1,0
567813510953971712,1,0
567820433988313088,1,0
567777586022187008,1,0
567858500648472576,1,0
567880290800107520,1,0
567889688247271424,1,0
567890705475063808,1,0
567893100066136065,1,0
567893216651010048,1,0
567893725181059074,1,0
567894312110915584,1,0
567894487902584832,1,0
567895586713796608,1,0
567898155255201792,1,0
568058584413687808,1,0
568071726808100864,1,0
568077312526311424,1,0
568234474359656448,1,0
568401125080215552,1,0
568402921521590272,1,0
568404222942838784,1,0
568406801965850624,1,0
568407923493380096,1,0
568413236577603584,1,0
568466372889600001,1,0
568490109848432641,1,0
568509844526747649,1,0
568543518966325248,1,0
568544959441334272,1,0
568545738906574849,1,0
568549193054355456,1,0
568554621523894272,1,0
568556048996540416,1,0
568563132433629184,1,0
568565440181628928,1,0
568596738749161473,1,0
568599635822055425,1,0
568599926843842560,1,0
568625170308567040,1,0
568757575799300096,1,0
568764876086059008,1,0
568766661005676544,1,0
568777508310495233,1,0
568777949001809920,1,0
568779811801313281,1,0
568805794432622592,1,0
568819568535142400,1,0
568824290168012801,1,0
568827516720295936,1,0
568864544300396544,1,0
568966637929570304,1,0
568971733606260736,1,0
569008534463123456,1,0
569154735976001536,1,0
569156360455069696,1,0
569243299707555840,1,0
569250955331543042,1,0
569253125074362368,1,0
569261529754935296,1,0
569263929643433985,1,0
569270647223943168,1,0
569277645898309632,1,0
569295613268865024,1,0
569316681887182848,1,0
569319181595889665,1,0
569349745828888577,1,0
569357057721151488,1,0
569357473813032960,1,0
569358084939890688,1,0
569358377874296832,1,0
569359364412313600,1,0
569365632338288640,1,0
569387677000331265,1,0
569392025465954304,1,0
569401835183849472,1,0
569402113551409153,1,0
569402290542653441,1,0
569402987459833856,1,0
569406155354738688,1,0
569406729462681600,1,0
569407321543217153,1,0
569416840306417664,1,0
569517602017574912,1,0
569519293219667968,1,0
569529319795654656,1,0
569535779170598912,1,0
569536244641865729,1,0
569542746484158464,1,0
569552260427968512,1,0
569554168609837057,1,0
569556470158594049,1,0
569558314700263424,1,0
569567693625405441,1,0
569567773916942336,1,0
569568013722058752,1,0
569570858974388224,1,0
569577269980585986,1,0
569578078445248512,1,0
569578289389371392,1,0
569584925864648706,1,0
569614715359518720,1,0
569617468114796545,1,0
569623227816939521,1,0
569668134539362305,1,0
569671996268777473,1,0
569682453016776704,1,0
569691335457964032,1,0
569694857717014528,1,0
569695415257444353,1,0
569704810318061569,1,0
569717690757193728,1,0
569720771863564288,1,0
569841838682714112,1,0
569848471227895808,1,0
569858945713643521,1,0
569859372203028480,1,0
569860421605322752,1,0
569860500420501504,1,0
569860512319717376,1,0
569862286703235072,1,0
569865881515393024,1,0
569880492436103169,1,0
569893126883684352,1,0
569893533387235328,1,0
569900307574079489,1,0
569900744935116801,1,0
569902797484916736,1,0
569906877875798016,1,0
569907086550831104,1,0
569925379789611008,1,0
569940018535518209,1,0
569941072287293440,1,0
569972827824238593,1,0
569999708246167553,1,0
570027318652968960,1,0
570044175174868992,1,0
570195137994731520,1,0
570202296576905216,1,0
570204447718010880,1,0
570206807475429376,1,0
570207292538294272,1,0
570207980420882432,1,0
570209000463081473,1,0
570214823767760897,1,0
570215439244124160,1,0
570215816693547009,1,0
570215950181658624,1,0
570218697459159040,1,0
570225418499969026,1,0
570228932198449152,1,0
570231099336613888,1,0
570232796511387649,1,0
570234095508307969,1,0
570236419026886657,1,0
570236815841607680,1,0
570242412808933376,1,0
570245637607985152,1,0
570250829850124288,1,0
570251901461237760,1,0
570269741744586752,1,0
570270052949336066,1,0
570272547494887427,1,0
570277447394054144,1,0
570279209408602112,1,0
570283338537295873,1,0
570284042886758400,1,0
570328849721921540,1,0
570330459281825792,1,0
570348073580253184,1,0
570348218501836800,1,0
570363079663362049,1,0
570364251568623616,1,0
570365870800662528,1,0
570370489383657473,1,0
570390104193114112,1,0
570390526995750912,1,0
570398012893208576,1,0
570410291881603072,1,0
570411689788592128,1,0
570595855444660224,1,0
570598027355918339,1,0
570609737663844352,1,0
570610617725251584,1,0
570613662181797888,1,0
570626981097803776,1,0
570629981950377984,1,0
570630155061882880,1,0
570648283485495296,1,0
570666574006358016,1,0
570686960341295105,1,0
570687803438309377,1,0
570697014461079552,1,0
570701458368110592,1,0
570707591807913984,1,0
570740898147016706,1,0
570746570196574209,1,0
570753596226215936,1,0
570755345573912577,1,0
570756924305768448,1,0
570761997438083072,1,0
570770223420170240,1,0
570780522009337856,1,0
570918326240567297,1,0
570939642100338688,1,0
570967398095962112,1,0
570979028859035648,1,0
571007594455801856,1,0
571012898404868097,1,0
571013216580591616,1,0
571016919622529024,1,0
571017984547917825,1,0
571022296846114817,1,0
571023608732127232,1,0
571033505276121088,1,0
571046266173403137,1,0
571061502586695680,1,0
571094619531976704,1,0
571131698613764098,1,0
571270834284838912,1,0
571272938571374592,1,0
571274827773976576,1,0
571275177746665472,1,0
571275673429512192,1,0
571276203543425024,1,0
571276357503721472,1,0
571276583379607552,1,0
571285642795212801,1,0
571286310272548865,1,0
571292685832724480,1,0
571302896136003584,1,0
571305463788257280,1,0
571366022038618113,1,0
571366302205517824,1,0
571366961172631552,1,0
571370337096622080,1,0
571396272864698369,1,0
571442258681192448,1,0
571461934387765249,1,0
571473099817820160,1,0
571499576152231936,1,0
571504864179699712,1,0
571665536955879424,1,0
571728085176852480,1,0
571737860073603072,1,0
571776873060958208,1,0
571785683255181313,1,0
571787343687917568,1,0
571788160847368192,1,0
571845428557312000,1,0
571897828253048833,1,0
572010494107598849,1,0
572020834451116032,1,0
572057907229011968,1,0
572059829726007297,1,0
572145335302164480,1,0
572204238639636481,1,0
572364571891134464,1,0
572369548919353344,1,0
572374251711430658,1,0
572433042729353216,1,0
572513779700908032,1,0
572514325371494400,1,0
572514821029175296,1,0
572518733010345985,1,0
572519118592737280,1,0
572519882740408320,1,0
572520201448775680,1,0
572523107048689666,1,0
572530408392425473,1,0
572611563980374016,1,0
572863931082924033,1,0
572876230808100864,1,0
572913212158562304,1,0
574558159404138496,1,0
574574921734483968,1,0
574598483065311235,1,0
574702665008988160,1,0
574898484479815681,1,0
574902750485467136,1,0
574902871524667395,1,0
575325552241958912,1,0
575333119613534208,1,0
575647986341928962,1,0
575656066446311424,1,0
575657826158149633,1,0
575658083969470464,1,0
575671613586194432,1,0
575779120874827776,1,0
575805041665245184,1,0
576032433067405312,1,0
576032789742665728,1,0
576205458471530496,1,0
576223568477995008,1,0
576356654503075840,1,0
576363932983668737,1,0
576399192844820480,1,0
576399772183109632,1,0
576405018603085824,1,0
576411367202287617,1,0
576467854683451392,1,0
576472787893788673,1,0
576477153484759040,1,0
576491523203862529,1,0
576503356543381504,1,0
576685571269091328,1,0
576688228557783040,1,0
576689359648337921,1,0
576698098388455424,1,0
576711837636542464,1,0
576732953474125825,1,0
576740108843499520,1,0
381988216292655104,1,0
381989237072990208,1,0
381989256404533251,1,0
381989513691529216,1,0
382350557957984256,1,0
382350622411874305,1,0
382518137582661632,1,0
382518148617863168,1,0
382518158470311936,1,0
382518676865294336,1,0
382606225520615424,1,0
383627629766508545,1,0
383627770506399744,1,0
383627997950910464,1,0
383698416171118593,1,0
383698818698457089,1,0
383699280130617345,1,0
383730558863290368,1,0
383730982513168384,1,0
383731135668162560,1,0
384042596680474624,1,0
384042724522872832,1,0
384042812473233408,1,0
384042907067363328,1,0
384043097996283905,1,0
384043149124845568,1,0
384043241659588608,1,0
384439219432603649,1,0
384439403315077120,1,0
384439557267021824,1,0
384716487937626114,1,0
385439886875975680,1,0
385440245648334849,1,0
385440354779947008,1,0
385440480130908160,1,0
385440585462472704,1,0
385951118313783297,1,0
385951172789415936,1,0
386297683360485378,1,0
386297832723857408,1,0
386297900524781569,1,0
387255402691166208,1,0
387255604999245824,1,0
387255632023142401,1,0
387255672816947201,1,0
387255742610157568,1,0
387255793210257409,1,0
387255913167327232,1,0
387256000572440576,1,0
387256047703846912,1,0
387256084374638592,1,0
387256194965852160,1,0
387256287018225664,1,0
387966950740987904,1,0
387967027802943488,1,0
387967092277796864,1,0
387967465843470336,1,0
387967497569185792,1,0
388687402807480320,1,0
388687673310707712,1,0
388687711344660481,1,0
388687959324495872,1,0
388688157585072129,1,0
388688365836443650,1,0
388688463534358528,1,0
388759624083443712,1,0
388759928191459329,1,0
388760098945769472,1,0
388760285885902848,1,0
389082346080575488,1,0
390255415465750528,1,0
390255464522346497,1,0
390255627974365184,1,0
390255798145658880,1,0
390255841338601472,1,0
390255917867859968,1,0
390256070762852352,1,0
390256100517220352,1,0
390256164203532288,1,0
390959087208263680,1,0
390959138970140672,1,0
390959173564784640,1,0
390959260420423680,1,0
390959354922299392,1,0
391665985398128640,1,0
391666021628534784,1,0
391666068554399744,1,0
391666289577455616,1,0
391666555362082816,1,0
391983179038330880,1,0
391983378297139200,1,0
392322078906413056,1,0
392322287203921920,1,0
393477914546552832,1,0
393899668507086848,1,0
393899824308703232,1,0
393899865786167297,1,0
393900062733905920,1,0
393900483292561409,1,0
394158588999905281,1,0
394158718972993537,1,0
394158771145957376,1,0
394158812900233216,1,0
394158831074148353,1,0
395009994506002432,1,0
395010046045605888,1,0
395010156632633344,1,0
395010596669628416,1,0
395010752488017920,1,0
395010782229831680,1,0
395010858415177728,1,0
395010958898118656,1,0
395011348762865665,1,0
395011545718980608,1,0
395290061798785025,1,0
395290163724574720,1,0
395290785249103872,1,0
395584155100012544,1,0
395584226189250561,1,0
395584547145777152,1,0
395993247731822593,1,0
396087050585141248,1,0
396087100279234560,1,0
396087466953691136,1,0
396087806457438208,1,0
396087845183451136,1,0
396088251326283777,1,0
396088524962664448,1,0
396088599193481216,1,0
396088649743233024,1,0
396088690104999936,1,0
396088726524157952,1,0
396088759583653888,1,0
396088816248696832,1,0
396088923832610817,1,0
396281140392124416,1,0
396281466205663233,1,0
396281586770903040,1,0
396281634032332800,1,0
396281810025328640,1,0
396282035406266368,1,0
396715461548580864,1,0
396715716251897856,1,0
396715751941226497,1,0
396715789308293120,1,0
396715996280397824,1,0
396716085916876800,1,0
397575676892426240,1,0
397575725806387202,1,0
397575759084023808,1,0
397575827816062976,1,0
397575992685776896,1,0
397576145572347904,1,0
397576310827909120,1,0
397576347226103810,1,0
397750394316546048,1,0
397751160628457473,1,0
397751417227603968,1,0
397751970884091904,1,0
398112490543796224,1,0
398112706722422784,1,0
398112736699088896,1,0
398112830445993985,1,0
398239790232899585,1,0
398239800987090945,1,0
398240074921308160,1,0
398648903530057730,1,0
398648960014761984,1,0
398649251015573505,1,0
398649355055288321,1,0
398649408994037760,1,0
398651307306659840,1,0
399352569924841473,1,0
399352674828550144,1,0
399353304997560320,1,0
399353569280655360,1,0
399353666081009666,1,0
399354426499944448,1,0
400656619417006080,1,0
400656750082150400,1,0
400656794147508224,1,0
400656837193629696,1,0
400656887915360256,1,0
400656938930675712,1,0
400656992408055808,1,0
400657095617310720,1,0
400657418780033024,1,0
400657477005361152,1,0
400715447051366400,1,0
400715537606402049,1,0
401010180545994752,1,0
401010444971679745,1,0
401077862016380928,1,0
401745025941258240,1,0
402166370474795008,1,0
402274871230480384,1,0
402275322239799297,1,0
402275391701647361,1,0
402275423448338432,1,0
402275514099855361,1,0
402275585147150336,1,0
402275735882051584,1,0
402276179735879680,1,0
402276246593093632,1,0
402276334367277056,1,0
405464396932997121,1,0
405464470442369027,1,0
405464540692762625,1,0
405464637254017024,1,0
405464683630436353,1,0
407173779068952577,1,0
407173798119493632,1,0
407174097508917248,1,0
407174558932672512,1,0
407992689225773057,1,0
407992802606211073,1,0
407992874416865280,1,0
407993227040415744,1,0
407993460096897024,1,0
407993575712894976,1,0
407993800494047232,1,0
407993922497945600,1,0
407993981063020544,1,0
410204717529038848,1,0
410204774735179776,1,0
410204801163460608,1,0
410205112112381952,1,0
410205178546376704,1,0
410574591354892288,1,0
410574723026661376,1,0
410574843688415232,1,0
410575630002946048,1,0
410576223379533825,1,0
410576547293048834,1,0
410576848997740544,1,0
410577155051900928,1,0
410577292671217664,1,0
410577414234714112,1,0
410577588759699456,1,0
410577874626682881,1,0
410828983731617792,1,0
410829189776826368,1,0
412646376346898432,1,0
412646551148716032,1,0
412646750327824384,1,0
412646825275842560,1,0
412646845274259456,1,0
412646984084750336,1,0
412885967410720768,1,0
414241855128498176,1,0
414241877584777216,1,0
414241926486163456,1,0
414241969846898688,1,0
414241978126069760,1,0
414467871293460480,1,0
414468033596227585,1,0
414468083659452416,1,0
414468222427996160,1,0
414468390938349568,1,0
414468550112198656,1,0
414468693737750528,1,0
414468905755635713,1,0
414469495030161409,1,0
414469654107525120,1,0
414469743911763968,1,0
414469837209882625,1,0
414469984480268288,1,0
414844977764519936,1,0
414845063055675392,1,0
414845908610580480,1,0
415244982597861376,1,0
415245031708962816,1,0
415245149703135232,1,0
415245256494313472,1,0
415245373490225152,1,0
415245642995224576,1,0
415245685428985856,1,0
415245815204966400,1,0
415259050759041024,1,0
415719937525551105,1,0
415720056719290368,1,0
415720705267744768,1,0
415720933341417474,1,0
416069082325061632,1,0
416069167091949569,1,0
416069222683271169,1,0
416656673558638592,1,0
416656781272551425,1,0
416656929713164288,1,0
416972490972221441,1,0
416972627274506240,1,0
416972648048889857,1,0
416972838336086016,1,0
416973275520962560,1,0
416973400720961536,1,0
416973461097967616,1,0
416973522364149761,1,0
416973641977315328,1,0
416974351028604928,1,0
417388153092063232,1,0
417388284055023616,1,0
417449126037442560,1,0
417449824674258944,1,0
418190908161409025,1,0
418191172691980288,1,0
418191367995535360,1,0
418191595150663680,1,0
418191664545402880,1,0
418191905881464833,1,0
418192055815241728,1,0
418192899906338816,1,0
418193058153263104,1,0
418193142139998208,1,0
418193364048019456,1,0
418824952767213568,1,0
418825084275417088,1,0
418825364131954688,1,0
418825902621859840,1,0
418826551489097728,1,0
418826680233230337,1,0
419586095060230144,1,0
419586150605402112,1,0
419586276057038848,1,0
419586439471321088,1,0
419586551551492096,1,0
419587060358324224,1,0
419587239341867008,1,0
419587431990439936,1,0
419587708101480448,1,0
419587822383689728,1,0
419587899319787520,1,0
419588783521030145,1,0
419590472223297536,1,0
420041790205349890,1,0
420631875921514496,1,0
420632141706170368,1,0
420632216406720512,1,0
420632903781855232,1,0
420633053317169152,1,0
420633145281507330,1,0
420633339540680704,1,0
420633584794222592,1,0
420634203273707520,1,0
421038669902794752,1,0
421038721316581376,1,0
421038832444657664,1,0
421039079182974976,1,0
421039249241014272,1,0
421039456523522048,1,0
421039578858799104,1,0
421420517552168960,1,0
421422445585657856,1,0
421743767423426561,1,0
421744082742804480,1,0
421744235935580161,1,0
425483093688852480,1,0
425483369330135040,1,0
425483429921050624,1,0
425483568144322561,1,0
425483616299130881,1,0
425483703125413888,1,0
425483806909276161,1,0
425483845324902400,1,0
425484027538059264,1,0
425484251409031168,1,0
425484536613335040,1,0
425484699574611968,1,0
425484802393784320,1,0
425729860716093441,1,0
426105940383764480,1,0
426106193057042432,1,0
426106275307335681,1,0
426106457163968512,1,0
426106502290501633,1,0
426106653386096640,1,0
426106690702807041,1,0
426965972612706304,1,0
426966167836561409,1,0
426966405339029504,1,0
427958402757574657,1,0
427959016044507136,1,0
427959084348739585,1,0
427959377710952448,1,0
427959480089710592,1,0
427959553930448896,1,0
427959766019608577,1,0
428379692307992576,1,0
428380033493635072,1,0
428647157478850560,1,0
428647232976338944,1,0
428647359203926016,1,0
428647427332005888,1,0
429033989270036482,1,0
429034265896972288,1,0
429034428623355904,1,0
429356039096389632,1,0
429391967022088194,1,0
429392413015035905,1,0
429392516933120000,1,0
429759553274531841,1,0
429759601332846592,1,0
429759673491652608,1,0
429759771894235138,1,0
429759911069618176,1,0
429760706649407488,1,0
430113978321096704,1,0
430114180117434368,1,0
430114215437672448,1,0
430115010262482944,1,0
430115322348052480,1,0
430115399103832064,1,0
430474206355021825,1,0
430474347434618880,1,0
430474597092167680,1,0
430474658324819968,1,0
430475008586969090,1,0
430475044632805376,1,0
431094020727513089,1,0
431094293596352512,1,0
431095078929453056,1,0
431098754947506176,1,0
431098855732432896,1,0
431098953828802561,1,0
431489639686221824,1,0
431887190671364096,1,0
431887315632275456,1,0
432288923016912896,1,0
432288957850583040,1,0
432289012317814784,1,0
432289216915972096,1,0
432289525251846145,1,0
432289553659854848,1,0
432289600736735232,1,0
432289660513951746,1,0
432289734769901569,1,0
432642452474703872,1,0
432642482921144320,1,0
432642814556372992,1,0
433005589635940352,1,0
433005891189612544,1,0
433005935099789312,1,0
433006265157943296,1,0
433076240128307200,1,0
433103082126196736,1,0
433409261377290240,1,0
433409298895351808,1,0
433409616681000960,1,0
433409814874427392,1,0
433654942557958144,1,0
433654979358760961,1,0
433655231809740801,1,0
433655296251027456,1,0
433655363984818176,1,0
434393047715942400,1,0
434393110810853378,1,0
434393188464209920,1,0
434393242390380544,1,0
434393294424911872,1,0
434393414939844608,1,0
434393464143245312,1,0
434393506170142720,1,0
434393550558478336,1,0
434798210482057217,1,0
434798365453201408,1,0
434798406649643008,1,0
434798523637170176,1,0
435098191281680385,1,0
435098229504348160,1,0
435098321871306752,1,0
435098631482257408,1,0
435098690051506177,1,0
435098742325121024,1,0
435098824252477440,1,0
435793304899166208,1,0
435793433085480960,1,0
435793552686071808,1,0
435793804172333057,1,0
435793912842579968,1,0
435794160604299264,1,0
436192775730515968,1,0
436229713795641344,1,0
436562994705620992,1,0
436563082093948928,1,0
436563202998927360,1,0
436563227539804160,1,0
436563343352930304,1,0
436563445987553280,1,0
437291797132242944,1,0
437292039915331584,1,0
437737299774672897,1,0
437737522622263296,1,0
437737680441315328,1,0
438736875260354560,1,0
438737076993789953,1,0
438737167037108224,1,0
439144229437444096,1,0
439144400015597569,1,0
439144518265237504,1,0
439144599534465024,1,0
439144810604027904,1,0
439144936319885312,1,0
439144972751609856,1,0
439145692452626433,1,0
439145770638671873,1,0
439145832429146112,1,0
439147613825556481,1,0
439903776426582016,1,0
440553140593496065,1,0
440553499395239937,1,0
440553654081171456,1,0
440554078666362880,1,0
440554162204327936,1,0
440554265220632577,1,0
440554550835949568,1,0
440554644553474048,1,0
440554739843870720,1,0
440554907712503808,1,0
440907042585198592,1,0
440907544014245888,1,0
440908504979619841,1,0
443033024528011264,1,0
443033343248982017,1,0
443033541538885632,1,0
443033960973881344,1,0
443034014937403392,1,0
443574331935715330,1,0
443574538576478208,1,0
443574940873134080,1,0
443777678416441344,1,0
444195319366971393,1,0
444195955877761025,1,0
444294945881329664,1,0
444295180821073920,1,0
444295324878639105,1,0
444295404889194496,1,0
444295534824542209,1,0
444295696305229825,1,0
444295781067915266,1,0
444463057033383936,1,0
444463334411091968,1,0
444698516724527104,1,0
446465791337037824,1,0
446466030248787968,1,0
446466612527235074,1,0
446467010294071296,1,0
446467093660049408,1,0
446467160429170689,1,0
446623648107884545,1,0
446999392692613120,1,0
446999442122477568,1,0
446999479044952064,1,0
446999611878551552,1,0
446999813163589632,1,0
447000135168315393,1,0
447000199232122882,1,0
447000336373272576,1,0
447000465528463360,1,0
447000509447024640,1,0
447000666842488832,1,0
447070728551018496,1,0
447920435254947840,1,0
447920774528004096,1,0
447920834586226688,1,0
447921118297350144,1,0
448957274073997313,1,0
448957341061234688,1,0
448957689784045568,1,0
450425812169154560,1,0
450426299958312960,1,0
450426597955227648,1,0
450426749323452416,1,0
450727126199582720,1,0
450727254771769344,1,0
450727284853321728,1,0
450727311482974209,1,0
451159434899636224,1,0
451159499156361216,1,0
451159532408799232,1,0
451160316135493632,1,0
451160807842123776,1,0
451161197774000128,1,0
451161795231625216,1,0
451162803869474818,1,0
451163042642796544,1,0
451378057043914752,1,0
451378295116804096,1,0
451378554404491264,1,0
451383127122796545,1,0
451830958996463616,1,0
451831089770676224,1,0
451831210302373889,1,0
451831940207759360,1,0
452125739987390464,1,0
452125828717883392,1,0
452125897395412992,1,0
452125964835635200,1,0
452126299671121920,1,0
452126474502299648,1,0
452126678970429440,1,0
452126875125420032,1,0
459788361041846272,1,0
459788424866574336,1,0
459788486405390336,1,0
459788564494962689,1,0
459788808280494080,1,0
459788918578102272,1,0
459789027546103808,1,0
459789068222488576,1,0
459789278151602176,1,0
459789323593072640,1,0
460525292931383296,1,0
460525449102098432,1,0
460525727356448768,1,0
460819269731622913,1,0
460819571335647233,1,0
460819646271062016,1,0
460819812508110848,1,0
461290956419919872,1,0
461291149068484608,1,0
462634724519723008,1,0
462634802986770433,1,0
462635169577324544,1,0
462635427212439552,1,0
462635748710035456,1,0
462635812148875264,1,0
462635925340553216,1,0
462635980839981056,1,0
462636174280908800,1,0
462689266108088320,1,0
465990982417129472,1,0
465991316447326208,1,0
465991620144283648,1,0
465991659155496960,1,0
466599362081333249,1,0
466599602313900032,1,0
466599938382524416,1,0
466684739789680640,1,0
467063803197145088,1,0
467063861678309376,1,0
467063983153758208,1,0
467064399073521666,1,0
467123354760007680,1,0
467390540678299648,1,0
467390637067603968,1,0
467390715421413376,1,0
467390793859088384,1,0
467391020326322176,1,0
467391365530132481,1,0
467391529951035393,1,0
467825656856719361,1,0
467825667921293312,1,0
468084701668728832,1,0
468084765216608257,1,0
468176504543641601,1,0
468176807187853312,1,0
468476725777555456,1,0
468476803388960768,1,0
468476857587732481,1,0
468477080225587201,1,0
468477184907042816,1,0
468477306319548416,1,0
468477354323361792,1,0
468840525358170113,1,0
468840572200177665,1,0
468840831294504960,1,0
469140012403920897,1,0
469140023938281477,1,0
469183346048630785,1,0
469560664269135872,1,0
469560728139988992,1,0
469561001600229377,1,0
469561068935585792,1,0
469985930405621760,1,0
469986009682169856,1,0
469986110408380416,1,0
469986272887320579,1,0
469986660722040832,1,0
470382497318985728,1,0
471349889830375424,1,0
471350025876815872,1,0
471350149046759425,1,0
471350227350192128,1,0
471350398628794369,1,0
471351526527496193,1,0
471667303067574272,1,0
471667572081823744,1,0
471668721337896961,1,0
472386290517020672,1,0
472386592141623296,1,0
472386668553437184,1,0
472386737692372993,1,0
472386811398848512,1,0
472386857288740866,1,0
474246227857395712,1,0
474246596486381568,1,0
474246656850812931,1,0
474246836954226689,1,0
474246925915394048,1,0
474247100897574913,1,0
474247212126318592,1,0
474261136041181184,1,0
474571094008279040,1,0
474711657914978305,1,0
474711817889906689,1,0
474712079211835392,1,0
474720980145668096,1,0
474909398104416259,1,0
476394158383321088,1,0
476394224892387329,1,0
476394979502215168,1,0
476395486643904512,1,0
476395655326212097,1,0
476747323528052737,1,0
476747483926626304,1,0
476747536959406080,1,0
476747786591825920,1,0
476748857121193985,1,0
477142787130163200,1,0
477534266050347008,1,0
477534364079620097,1,0
477535112142131201,1,0
477569284307046400,1,0
477569329802661890,1,0
477569452985155584,1,0
477569721517092864,1,0
478575136879022080,1,0
478575264071311360,1,0
478575333164072960,1,0
478996424273563649,1,0
478996711587602432,1,0
478996806613733378,1,0
478996913920831489,1,0
478996968937492481,1,0
479429568478969856,1,0
479429809840193536,1,0
479429929122013184,1,0
479430060412108800,1,0
479724437017612288,1,0
479724467447296000,1,0
479725266743209984,1,0
480155398758887424,1,0
480493933881851904,1,0
480705627493117952,1,0
480848959460483073,1,0
480848974950043648,1,0
480849866025746432,1,0
481154533477736448,1,0
481154794896117761,1,0
482356571729428481,1,0
482356653728088065,1,0
482356720509792256,1,0
482356787996155904,1,0
482357202544381952,1,0
482357290977075200,1,0
482357449626636288,1,0
482357549199413248,1,0
483400077692514304,1,0
483400653302009856,1,0
483400750068817920,1,0
483400806121492480,1,0
483400915622187008,1,0
483719544628707328,1,0
484538238413987840,1,0
484538275785232384,1,0
484538525589585920,1,0
485995061184720896,1,0
485995605697650688,1,0
485995827198824449,1,0
487007823344058369,1,0
487007884757069824,1,0
487025736637636608,1,0
487801852776308736,1,0
487801999430131712,1,0
487802456680591361,1,0
487802547151716353,1,0
487802600431955968,1,0
488065790076129281,1,0
488066399420416000,1,0
488486295472054272,1,0
488486465140056064,1,0
488801525482151937,1,0
488801649713238018,1,0
488810202477912064,1,0
489514865703133186,1,0
489514889195446272,1,0
489514919918702593,1,0
489514983198167040,1,0
489515017440485376,1,0
489515039141810177,1,0
489515219920515074,1,0
489515251457466368,1,0
489515278267473920,1,0
489515340976500736,1,0
489515379710910464,1,0
489517225372430336,1,0
489876898487742465,1,0
489876987788685312,1,0
490146007036870657,1,0
490550824138190848,1,0
490551144817901568,1,0
490551324300562432,1,0
490551351097958401,1,0
490551472174931968,1,0
490551528298909696,1,0
491572485649743872,1,0
491738632097505280,1,0
491738700905082880,1,0
492692386976251904,1,0
492693880567918592,1,0
492694128908455937,1,0
492694308248489984,1,0
492771864780230656,1,0
493268505261662209,1,0
493533483508056064,1,0
493533836819460098,1,0
494165213529534464,1,0
495020697341947904,1,0
495020789918617601,1,0
495020834495676417,1,0
495021008764821504,1,0
495297996347957248,1,0
495298029810098177,1,0
495298111401885696,1,0
495298925314998272,1,0
495679904097525761,1,0
496425025436528640,1,0
496425329339015168,1,0
496425513045327873,1,0
498561232707006464,1,0
498561338021781505,1,0
498561436541808641,1,0
498561495857647618,1,0
498561585896783873,1,0
498561638564634624,1,0
498561858883043329,1,0
498657475105918976,1,0
498658714577276928,1,0
499231576291819520,1,0
500030161786765312,1,0
500114389966802944,1,0
500116460652756992,1,0
500116628072574977,1,0
500116676214816768,1,0
500117107833860096,1,0
500117232983474176,1,0
500347266017013760,1,0
500365325112995840,1,0
501139948142342145,1,0
501140005344260096,1,0
501140297813082113,1,0
501140337080139777,1,0
501140385079787520,1,0
501140478646317056,1,0
501140580685340672,1,0
501785358884167681,1,0
501874196369395713,1,0
502214984449794048,1,0
502319195909263362,1,0
502319375823962112,1,0
502826967306342400,1,0
502827110302748673,1,0
502827189385977858,1,0
502827296219467777,1,0
502827412250714112,1,0
503337350559465472,1,0
503337372025905153,1,0
503337533007462400,1,0
503337777602498560,1,0
503403579789815808,1,0
503403935466795008,1,0
503403964365549568,1,0
504105198424686592,1,0
504105826437844992,1,0
504106142524772354,1,0
504106470083145729,1,0
504106578929545217,1,0
504106646663348224,1,0
504107528050188289,1,0
505034949066756097,1,0
507035960325177344,1,0
507036008547094529,1,0
507036054885773312,1,0
507036128772644864,1,0
507036257017274368,1,0
507727720428892160,1,0
507727777840504832,1,0
507727947940495360,1,0
507728029079322624,1,0
508094760067006465,1,0
508668604972560385,1,0
508668703521931264,1,0
508668895440687105,1,0
508669223087140865,1,0
509079652313219072,1,0
509079778033668097,1,0
509079816600322049,1,0
509079863530381312,1,0
509079978034880512,1,0
509204285985669122,1,0
509204534682730496,1,0
509562487126364160,1,0
510254539300405248,1,0
510254572309594112,1,0
510254760684187648,1,0
511021041364520960,1,0
511021098163785728,1,0
511021204933967873,1,0
511021622128836608,1,0
511021687551557632,1,0
511610004722683905,1,0
511610322420260864,1,0
511610424031477760,1,0
511610556336590849,1,0
511923204563415040,1,0
512101851664490496,1,0
512101899269840896,1,0
512102351751360512,1,0
512244856681680897,1,0
513801377537994752,1,0
514171470851743744,1,0
514171913619255297,1,0
514895417637863424,1,0
514895730733887488,1,0
514895783523409920,1,0
515500484556107776,1,0
515673580961411072,1,0
515673657847201792,1,0
515673710238257152,1,0
516721015406075905,1,0
516721139012214786,1,0
517430515616731136,1,0
517430584654974976,1,0
518830866785898496,1,0
518830890861211648,1,0
518830991478362112,1,0
518831310035767297,1,0
518831387131277313,1,0
519909343576465408,1,0
519909537575612416,1,0
519910148891246592,1,0
520379685554102272,1,0
520379763719159808,1,0
520656002203787264,1,0
520656487182770176,1,0
520657475075600384,1,0
521798644945928192,1,0
522387114496110594,1,0
522387578537127936,1,0
523224137645711361,1,0
523224642669256704,1,0
523225007183646720,1,0
523253606049271808,1,0
524683527812816896,1,0
524684792483549184,1,0
524685030015401984,1,0
524685152690388992,1,0
524697112576278528,1,0
525080310862856192,1,0
525080515796561920,1,0
525080725306232832,1,0
525080857187717120,1,0
525723899322191872,1,0
525724068637855745,1,0
526505457884884992,1,0
526505501308497922,1,0
526505631386468352,1,0
526505666434068480,1,0
526505886551138304,1,0
527216923441111041,1,0
527216949202534400,1,0
527217177964052480,1,0
527603004909035520,1,0
527603538260918272,1,0
527604543723667456,1,0
527604596852920320,1,0
527934551637504000,1,0
528302622290477056,1,0
528302655706509313,1,0
530434792131936256,1,0
530435078137319424,1,0
530435289794482178,1,0
530435341103427585,1,0
530435486779998208,1,0
531196233109762048,1,0
531477737463382018,1,0
531992053744680961,1,0
531992188960653312,1,0
532643742998872064,1,0
532644232847429632,1,0
532644326128754688,1,0
532644431472889856,1,0
533340750218813440,1,0
533841068706365441,1,0
533841828374929408,1,0
534506865930297344,1,0
534507767584014336,1,0
534727955264847872,1,0
534728288003166209,1,0
534729220585709568,1,0
535198627292254208,1,0
535199389292449792,1,0
535817787877642240,1,0
535998828336664576,1,0
535999861771206657,1,0
536164994099216384,1,0
536165002663968769,1,0
536165009613930496,1,0
537027926060191744,1,0
537028040132677632,1,0
537028132935831553,1,0
537028365447090177,1,0
537645994809118721,1,0
537647353587462144,1,0
537647931432521728,1,0
538063550678196224,1,0
538063590528258048,1,0
538127803095732224,1,0
539176641444851713,1,0
539176674785382402,1,0
539176766598696960,1,0
539176875063402497,1,0
539523374163046400,1,0
539523910983622656,1,0
539839404555001856,1,0
539839514542215169,1,0
539839660080390145,1,0
540259960936861696,1,0
540260731825192960,1,0
540261152392241152,1,0
540261263033782272,1,0
540261581708623873,1,0
540261815792705537,1,0
540262568498298880,1,0
540529698208362496,1,0
540890103603032065,1,0
540890166488203264,1,0
540966855775490048,1,0
541395728040349696,1,0
541395816347209728,1,0
541623297138384896,1,0
541713410313162752,1,0
542355034760302593,1,0
542356040596348930,1,0
542807363934097408,1,0
542807548793851904,1,0
543156372029075456,1,0
543236038345244675,1,0
543236251994685440,1,0
543517522189090816,1,0
543517872249905156,1,0
575597248089731072,1,0
575597092636229632,1,0
576005644718882816,1,0
575977576092463104,1,0
575948721067847680,1,0
543517946589761536,1,0
545046940518342656,1,0
545047012073168896,1,0
545047181007151105,1,0
545047238628478977,1,0
545047301127823361,1,0
545047346266902528,1,0
545047613322457088,1,0
546017099210964992,1,0
546017239028072448,1,0
546017682915487745,1,0
546017749994979328,1,0
546063585630121985,1,0
546063680228442112,1,0
546063730388123648,1,0
546065104135942144,1,0
546361927513829377,1,0
546362112600059904,1,0
546362165175648256,1,0
546362209127759872,1,0
547175748713197568,1,0
547176018759254016,1,0
547176064653357057,1,0
548555798788325376,1,0
548557259131736064,1,0
548557457069322240,1,0
548557519946133505,1,0
548557664049831936,1,0
548935568558551040,1,0
549673154050682880,1,0
549673730071220224,1,0
549673914100506624,1,0
549674125103353859,1,0
549674742999834624,1,0
550015687662776320,1,0
550473421759315969,1,0
550806940477956096,1,0
550807174222336000,1,0
551151827027099648,1,0
551151932941676544,1,0
552503630910476288,1,0
552503655656882177,1,0
552503743229722626,1,0
552503782295490560,1,0
552503942454992896,1,0
552504238522507265,1,0
552504313554411520,1,0
552993467597455360,1,0
552993629627621376,1,0
553567950813147136,1,0
553568030874025984,1,0
553568227217768450,1,0
553568763321147394,1,0
554067736179924992,1,0
554068050995994624,1,0
554068214947135490,1,0
554336288833150976,1,0
554336588105142273,1,0
554336811955154944,1,0
554336923099987970,1,0
554649317437239297,1,0
554649367273943040,1,0
555045700493271040,1,0
555045778985455619,1,0
555045817602437121,1,0
555046040294789120,1,0
555046129415385088,1,0
555046212647145472,1,0
555046251490582528,1,0
555046429618479104,1,0
555046511789105152,1,0
555406241501945856,1,0
555406288960516097,1,0
555810272842383361,1,0
555810469811073025,1,0
556112813488607232,1,0
556112906170138624,1,0
557043210149576705,1,0
557043672340897792,1,0
557043719765905409,1,0
557043866340040705,1,0
557043926599618562,1,0
557587488395378688,1,0
557587636269756417,1,0
557588847018516480,1,0
558051448953774082,1,0
558051544118345728,1,0
558051575827283970,1,0
558392368051654656,1,0
558647896430882816,1,0
559094422907133952,1,0
559094431132172288,1,0
559094441395617794,1,0
559094927318319104,1,0
559095028145192960,1,0
559740400546906112,1,0
559741478302670848,1,0
560082897647173633,1,0
560584397661818880,1,0
560584430985572354,1,0
560584512279552000,1,0
560584569481482243,1,0
560584726482677760,1,0
560584827582181376,1,0
560584930627842048,1,0
560585045883117568,1,0
560818241786765312,1,0
560818370002440192,1,0
560818449123786752,1,0
562051427581689857,1,0
562051788199559170,1,0
562250943584944129,1,0
563151942063366144,1,0
563152246678880256,1,0
563695049003638785,1,0
563695485190299649,1,0
564265436133343234,1,0
564265496611004416,1,0
564265556937687040,1,0
564545429484748801,1,0
566035627552948224,1,0
566035777021173760,1,0
566035892003823616,1,0
566036068961488896,1,0
566636793596895232,1,0
566636897800187904,1,0
566637226662957056,1,0
566638139083476993,1,0
566655906117468161,1,0
567086635204878337,1,0
568595170821697536,1,0
568595279470948353,1,0
568595464406179840,1,0
568595560401215488,1,0
568595689162166273,1,0
568595763258744832,1,0
568595817046495232,1,0
568595886323810304,1,0
569282711862579201,1,0
569282880938995713,1,0
569282997976899585,1,0
569926326955552769,1,0
570406375546753024,1,0
570945513375182848,1,0
570945518211190784,1,0
571129724258226176,1,0
571129969478209536,1,0
571306504357163008,1,0
573506547818496000,1,0
573506771534282752,1,0
573506870268186625,1,0
573506920478179328,1,0
573506992003682304,1,0
573507023045689345,1,0
573507129618796544,1,0
575791920904953857,1,0
575792088572260353,1,0
575792329103044608,1,0
575792813352218624,1,0
572347852212449280,1,0
572345879056658432,1,0
572342237272489985,1,0
572339205914796032,1,0
572335087468953600,1,0
572332373519417345,1,0
572332355123195905,1,0
572331693656309760,1,0
572330982029709312,1,0
572327558005465088,1,0
572327057801158656,1,0
572365384713576448,1,0
572365335392731136,1,0
572364108806275072,1,0
572362946531106819,1,0
572362352286281728,1,0
572358641669578752,1,0
572355059196956672,1,0
575616747493015552,1,0
575607002409213952,1,0
575604566181306369,1,0
575598712996524032,1,0
575597465019289600,1,0
575596627198500865,1,0
575596062263521280,1,0
575595904281018368,1,0
576330639575662592,1,0
576285614963707904,1,0
576197856689668097,1,0
576035015299043329,1,0
576001814929129472,1,0
575984876551315456,1,0
575980026266406912,1,0
575977888178012161,1,0
575977390947467266,1,0
575976144400293888,1,0
575972651652374528,1,0
575965813103951872,1,0
575962534349508609,1,0
575961876103700482,1,0
575961802103730177,1,0
575959365254942722,1,0
575957615760515072,1,0
575957610316222464,1,0
575954940717182976,1,0
575954602371125248,1,0
575952690863214592,1,0
575951408370843650,1,0
576535599730946048,1,0
564326603485110272,1,0
569366069917437952,1,0
569990621315919872,1,0
570244879265206272,1,0
571013698111860736,1,0
571304517930774528,1,0
575664315627216896,1,0
839880162586071040,2,0
839665182985097216,2,0
839864236897681408,2,0
847242635269951488,2,0
836945146318987264,2,0
839881159307730944,2,0
847365324047491078,2,0
839693985836855296,2,0
847097826475683840,2,0
839839205912096769,2,0
839868260585623554,2,0
839574348507709445,2,0
839859019929919488,2,0
839839235624550400,2,0
839841303429058560,2,0
839573566026878978,2,0
839851033417433088,2,0
839918263693901825,2,0
839889915123011584,2,0
839575108171743232,2,0
847156833794117633,2,0
839901866897129473,2,0
839902340748623872,2,0
839917905202524166,2,0
837979754955300864,2,0
839900407224807425,2,0
839577715279818752,2,0
839867421284519937,2,0
839927188711436289,2,0
839549340934782976,2,0
839388084093399040,2,0
839834279957901312,2,0
839838967902126081,2,0
839589595100639232,2,0
839787291237285888,2,0
839250191848992769,2,0
847213809789997056,2,0
839839544723787777,2,0
847574668131278848,2,0
839270224880783361,2,0
839841820012077056,2,0
839839736508248064,2,0
838974647764844545,2,0
839604216603770880,2,0
839631812213121024,2,0
846673587989725184,2,0
839653289205563392,2,0
838946154167459840,2,0
839905652990480384,2,0
839886548137095168,2,0
839890515399176192,2,0
839871367872983040,2,0
839834815742558208,2,0
839570120167026689,2,0
836652084686639104,2,0
839850500925321216,2,0
839886199770730496,2,0
846362651232014338,2,0
839848486388416513,2,0
839871800737693701,2,0
847391290358611969,2,0
839617267482693634,2,0
839889341191077888,2,0
839010025653727233,2,0
839839712097488898,2,0
839868858584477699,2,0
838287761161469952,2,0
839564074744586240,2,0
839483308136349697,2,0
839888202169257984,2,0
839602635472777216,2,0
839907944464592896,2,0
839855280791949312,2,0
839521969741709313,2,0
837363979110526977,2,0
847022714481229824,2,0
839449350766014464,2,0
839842011075141633,2,0
847077714506993664,2,0
839863198933143556,2,0
839879445527711744,2,0
838776824251330560,2,0
839853026487709696,2,0
839906116834365440,2,0
847615928804139013,2,0
839848811350622208,2,0
839570766869909505,2,0
837508768845832192,2,0
839629801744908292,2,0
839645401594626048,2,0
839891804640038912,2,0
839651327735128066,2,0
839855905902559238,2,0
839402126212222976,2,0
847030168732385280,2,0
839836736507228161,2,0
847396651283079168,2,0
839870086483697666,2,0
839840590007197696,2,0
837531643459989504,2,0
839560989574119424,2,0
847479335162265600,2,0
839190145916076034,2,0
836932991993720833,2,0
847208401931165696,2,0
847542608499011584,2,0
847640457244925953,2,0
846086505089155073,2,0
839448348994256896,2,0
847484435867947012,2,0
839838203859374080,2,0
839923352307380224,2,0
839264192024752128,2,0
847500600052899841,2,0
840080792252375041,2,0
837340907330498560,2,0
839915262950297600,2,0
839880437287817217,2,0
838876078953349125,2,0
839556548057759747,2,0
846873433405345792,2,0
839617641413296129,2,0
837044786729189378,2,0
839880245855600640,2,0
839599764790460416,2,0
839605501268733952,2,0
839841463848443904,2,0
839636297245319169,2,0
846883603812356096,2,0
847616852914192385,2,0
847438032529530880,2,0
839877095924846592,2,0
839838988877778944,2,0
839859827190947840,2,0
839885468141502465,2,0
839882586457575425,2,0
847419313753423874,2,0
838059054635315200,2,0
839915564013350914,2,0
837576197798309888,2,0
839915489652527108,2,0
839918594624536578,2,0
847425162324492288,2,0
836676204031787008,2,0
839857805683224577,2,0
839552448838545408,2,0
839878145272647681,2,0
839617942408945666,2,0
839609924405571584,2,0
839890635561672704,2,0
839502979602464769,2,0
836712318788489216,2,0
847559017442545664,2,0
839848671332151296,2,0
839895066315526149,2,0
839875195837915136,2,0
836509492841967616,2,0
839889307745796097,2,0
847031902779457537,2,0
847623614178377729,2,0
847204432580395008,2,0
839880082004979712,2,0
845547052008423424,2,0
839118529093910528,2,0
837063625206607872,2,0
839840883776323584,2,0
837255192617730048,2,0
839276166536036352,2,0
839394941201612800,2,0
847250986129215489,2,0
840064514368331777,2,0
839900297191358464,2,0
839835869213241344,2,0
847188637712351232,2,0
839916249228378112,2,0
847604498356781058,2,0
839577126835728384,2,0
836914613300117504,2,0
847615541585993729,2,0
839195126366941188,2,0
839921958493962240,2,0
839864671050088454,2,0
839901856134496256,2,0
839853209812283392,2,0
839926647025516545,2,0
847365780450586624,2,0
847094432545542145,2,0
839077009850511360,2,0
847155123898007554,2,0
837690615907381249,2,0
839915672243142656,2,0
839936485058936833,2,0
847440769614987264,2,0
837084670676336645,2,0
839631698799140868,2,0
838479428854370306,2,0
839610407253864448,2,0
847322890840162304,2,0
839847552098922497,2,0
847143155149541377,2,0
837346216945995776,2,0
847649191606091777,2,0
839576474373890048,2,0
837357697083260928,2,0
839848084075069440,2,0
847135681650606080,2,0
839931186784976896,2,0
839900587932205056,2,0
839183430374076418,2,0
839928051886665728,2,0
846800163238662144,2,0
839701033496547328,2,0
839859026066309120,2,0
847051149962330112,2,0
839867441975078912,2,0
846973865351925760,2,0
847276382916812800,2,0
839662886804938754,2,0
839847532511563776,2,0
836644640765984770,2,0
846948314809581569,2,0
839922317438435333,2,0
847586519019798528,2,0
838922795732111360,2,0
837142437873143808,2,0
839082047641698304,2,0
839850392687042562,2,0
839597216138420224,2,0
839770424837734400,2,0
839888541173891074,2,0
839866368031772672,2,0
847223781223350274,2,0
839582070414303232,2,0
839903389324558336,2,0
839444076789284864,2,0
839838231046852608,2,0
847235563191115776,2,0
846105552476393472,2,0
846919490587824128,2,0
847577017784692737,2,0
839903538574610432,2,0
839862811887009792,2,0
847615821870317568,2,0
847644024177516545,2,0
847356649941512192,2,0
839850901242171392,2,0
838386034115297280,2,0
847200297520939008,2,0
839834898122833922,2,0
839904291783573505,2,0
839621704959680513,2,0
839889967744757760,2,0
847635850401730560,2,0
839861620763471872,2,0
839922305870544896,2,0
839379986200944640,2,0
839658108750336001,2,0
837256028177620992,2,0
839872371737645056,2,0
837897267759702017,2,0
839339241951887360,2,0
847104178241490945,2,0
839634541975232512,2,0
839852872212885504,2,0
847492873050128387,2,0
837646229274148865,2,0
836778222662651904,2,0
839537696389414917,2,0
837544066703187968,2,0
847515278938378244,2,0
837347171771039750,2,0
839137689123323904,2,0
847668787021086720,2,0
847350791811641348,2,0
837842195659034624,2,0
839383994227642368,2,0
847644812463415296,2,0
839902648723771394,2,0
838273684917846017,2,0
839866172069842950,2,0
839553292774551552,2,0
839897934468628481,2,0
839540714719625217,2,0
839572924407242752,2,0
839851277047721984,2,0
847595728167763968,2,0
839928422805536768,2,0
847611255300825088,2,0
837806619304013824,2,0
839853460371738626,2,0
846949110137655297,2,0
839873588240998401,2,0
839862207764660224,2,0
838416546183643136,2,0
847152428675936259,2,0
839662626904797184,2,0
837336284330881024,2,0
847477050629685248,2,0
839410744676343808,2,0
839859180043386884,2,0
839887506950639616,2,0
839095469959675904,2,0
839739883610525696,2,0
847246956493590529,2,0
847310102482702336,2,0
839901591155060736,2,0
839840629706342400,2,0
838554399375036416,2,0
839889777763749889,2,0
839891844918099968,2,0
836630651256217600,2,0
847336813035372545,2,0
847056400417259520,2,0
839346343176994816,2,0
847652321114808320,2,0
839871196917297152,2,0
839533270442340355,2,0
847459550793842688,2,0
839834756544147456,2,0
839720462426890241,2,0
847097038810570755,2,0
836912646754443268,2,0
847197557944127488,2,0
839148190658088961,2,0
839576594133897216,2,0
836952717826326529,2,0
839692694783918085,2,0
839883089895698432,2,0
839406462019514368,2,0
839834712139051008,2,0
839768004456038400,2,0
847289914471219201,2,0
839900031050207235,2,0
839186920383070208,2,0
847644008335589377,2,0
837974785711755264,2,0
839583490693812224,2,0
847278778896105472,2,0
846993168763686912,2,0
839378125066743808,2,0
839532644236853249,2,0
836614419647971333,2,0
839378019588395008,2,0
847129345214832641,2,0
837549241656496128,2,0
847004606475448320,2,0
847573179459612680,2,0
847646700436996096,2,0
837140626269421570,2,0
839538477465288705,2,0
846891618741366789,2,0
839633242932273156,2,0
838841342113501185,2,0
839639772427665408,2,0
839842740775051264,2,0
839843660606889984,2,0
847507939967418369,2,0
836817888082292741,2,0
847113695629053953,2,0
839558941252194304,2,0
839865802950131712,2,0
847247138350186496,2,0
839860672192131072,2,0
847529037736050693,2,0
839645127551434752,2,0
839405683862876160,2,0
838847170765852672,2,0
839901235616456705,2,0
838947889430708224,2,0
847443449380864000,2,0
839402295553114116,2,0
839886203612774400,2,0
846902217227460608,2,0
839517666092154884,2,0
839238854720831494,2,0
839675690526007296,2,0
847656445877170180,2,0
839926950894370819,2,0
839864710245777408,2,0
839364194843553792,2,0
846864343157407745,2,0
839859510588080128,2,0
839907484047331328,2,0
846863965753933826,2,0
839390482719461378,2,0
846955506497392641,2,0
839390585203142656,2,0
839272694163988481,2,0
845360253692624896,2,0
847095491196321792,2,0
837688968191836160,2,0
839378920227110912,2,0
837087310365642752,2,0
838083629708365824,2,0
847039232472440832,2,0
847419990873522180,2,0
839675263818555397,2,0
838693624833454080,2,0
846971927134715905,2,0
847236277422260225,2,0
839845268015071234,2,0
837551232017301504,2,0
839888744132005889,2,0
839518294193364993,2,0
847491795881611265,2,0
839561913898053632,2,0
839918096429236224,2,0
839270262868586497,2,0
839647227236724736,2,0
840106315074625537,2,0
847657119381729282,2,0
839917368000270336,2,0
837727625359601664,2,0
847498856598261760,2,0
839884880477581312,2,0
847637677964906500,2,0
839924443979853825,2,0
838889549375946752,2,0
839841522145234944,2,0
839576698274242561,2,0
839837740342652928,2,0
847645056659894273,2,0
839827813779722241,2,0
847132364375576576,2,0
839560160410501120,2,0
847666403490488321,2,0
846891961722155009,2,0
839912574976163840,2,0
839378194574737408,2,0
837714075350155264,2,0
839866100397527041,2,0
839647757094674432,2,0
839866614229135361,2,0
847147300166287364,2,0
847300296459952128,2,0
847117801215217665,2,0
839514549816455168,2,0
847485363341770753,2,0
846965179145486336,2,0
839891943719067650,2,0
839881117981368321,2,0
839927575644266496,2,0
839878770693595136,2,0
839380079486484481,2,0
847050780003782656,2,0
836594263886446593,2,0
838935643011022848,2,0
839841602457726976,2,0
838810014689214465,2,0
846774546866802688,2,0
839922980000006145,2,0
839393988914229248,2,0
847655644131844096,2,0
838447444367138817,2,0
839912878262091777,2,0
839521760777220096,2,0
847316563925409792,2,0
846890822112964608,2,0
846869098114039809,2,0
839863977119113218,2,0
847042025153314816,2,0
847223932058968064,2,0
837121543838773248,2,0
847600202538033153,2,0
838492642568716288,2,0
847314409122799616,2,0
839463716253020160,2,0
839852917905473537,2,0
837576570525077505,2,0
839862325343567872,2,0
837987711898234880,2,0
837824851457032194,2,0
837096486714372096,2,0
839919392934723584,2,0
839869086389649410,2,0
847178037603057665,2,0
839893604227141632,2,0
846875032152428545,2,0
847192938752937984,2,0
838139997417005056,2,0
837533795486052354,2,0
839616832105496576,2,0
839906867635638273,2,0
839582654483726336,2,0
847568908244615168,2,0
837033300027981828,2,0
847097525358120960,2,0
839906760353853440,2,0
847457905104302080,2,0
847630241925185542,2,0
847330852191092737,2,0
839341684190232576,2,0
839506250865983490,2,0
839933546756190208,2,0
839820104623865860,2,0
838237650968592384,2,0
847189630982279169,2,0
839887053622022144,2,0
836589723023998977,2,0
847292176790732801,2,0
839913370908246016,2,0
847475262451142660,2,0
838104186130739200,2,0
847424256187146241,2,0
840033043683393537,2,0
838814776520294400,2,0
839891984890257408,2,0
837553305609883649,2,0
847532193438150662,2,0
847601038441840640,2,0
846957017046634497,2,0
847609460734304257,2,0
839483333784457220,2,0
839615306695905280,2,0
839864147642839040,2,0
847495001651036163,2,0
847485810928635909,2,0
839435155878080512,2,0
839492417392893952,2,0
839840815946084358,2,0
839834627359526912,2,0
839860722960068610,2,0
847310699814567939,2,0
839921989716410369,2,0
839913304478875648,2,0
847558025820987392,2,0
846956910670700544,2,0
838348482536747008,2,0
839879215394787328,2,0
839089056533327872,2,0
839915239541891072,2,0
847555919512600578,2,0
847476774950674432,2,0
839844008939700224,2,0
839664379633221636,2,0
839915494480171010,2,0
838656819249631232,2,0
839901535114940417,2,0
847112455193026560,2,0
839676463112671233,2,0
839923184526848000,2,0
839271291341287425,2,0
847660914195050498,2,0
847105426457972736,2,0
847203959722827776,2,0
839441455844376576,2,0
839402312439328769,2,0
839892580666081280,2,0
846845296785215489,2,0
837080358533365761,2,0
839890632332173312,2,0
839940343328034818,2,0
839907085383045120,2,0
839850960759435264,2,0
836460509343821825,2,0
839658397045710848,2,0
839891866078351363,2,0
839734900492230657,2,0
839913811612139520,2,0
839934966163247104,2,0
839424856231985153,2,0
839395477447708673,2,0
847006253201133569,2,0
839945553924538368,2,0
847652730025893893,2,0
840110751813582849,2,0
847273505334861825,2,0
847166630824214528,2,0
839926782505664515,2,0
847608873275990016,2,0
839953980922933250,2,0
847157792016420865,2,0
847067526639079424,2,0
847337052261629954,2,0
837964984139186176,2,0
839675731781156866,2,0
839424172711256065,2,0
839546877527760896,2,0
847552897139187714,2,0
839598680235659264,2,0
847592627314855939,2,0
836524606781444096,2,0
839893011026833412,2,0
839370080194551813,2,0
839081608279904256,2,0
847212902662770688,2,0
847600870506217472,2,0
839862916925034497,2,0
839582827859558401,2,0
836592791731978241,2,0
839200939290603520,2,0
839635132529143808,2,0
847050810034835457,2,0
839373268217966594,2,0
847598391043526656,2,0
847161401751883777,2,0
840327310528114689,2,0
839860646418145280,2,0
839386241057624066,2,0
846903937760292864,2,0
839653900395376640,2,0
847652434667229184,2,0
847161701422284801,2,0
847374565990842369,2,0
839866075995058176,2,0
839377935618478080,2,0
839864487268220928,2,0
